,Pair,Score
1,KICH vs KIRC,0.4772029911162339
2,KICH vs KIRP,0.45976645923535203
0,KIRC vs KIRP,0.37690931788560794
